Misdirection,Social Proof,Scarcity,False Urgency,Confirm Shaming,Subscription Traps,Forced Action,Drip Pricing,Disguised Ads,Interface Interference
10% Off On Select Range,forever must-have for,Hurry only a few left,Buy Now,I Will Pay Full Price!,Join Now Add'l saving of 5%,verify to continue,CLUB PRICE $19.99 · FULL PRICE $39.99,"We may also send you personalised communications about new products, latest updates, downloads and exclusive offers.",Notifications can be turned off anytime from browser settings.
20% Off On Select Range,TRUSTED 100% GENUINE PRODUCT QUALITY CHECKED,3 units left,Order Now,Don't miss out,Join Now Add'l saving of 10%,Note that you would need to be logged into your Artist Guitar's account and you would have to subscribe to our Newsletter first to receive the link to the lesson program.,CLUB PRICE $29.99 · FULL PRICE $59.99,We may suggest you products based on your browsing history,keep this plan
30% Off On Select Range,"Go on, babe, you know you want me (in your inbox)",5 units left,Last Chance,Wouldn't you prefer to save?,Join Now Add'l saving of 15%,Create an account to continue,CLUB PRICE $49.99 · FULL PRICE $99.99,subscribe for exclusive offers,keep using this
40% Off On Select Range,Buyer Helpful 12 People found this,7 units left,End of season sale,We'd be sad to see you leave,Join Now Add'l saving of 20%,Login required to view full details,CLUB PRICE $79.99 · FULL PRICE $149.99,sign up for deals,continue using this
50% Off On Select Range,Buyer Helpful 28 People found this,10 units left,Final Sale,You're going to pass on this great deal?,Join Now Add'l saving of 25%,Register to unlock this offer,CLUB PRICE $99.99 · FULL PRICE $199.99,get latest updates,stay with this option
60% Off On Select Range,Buyer Helpful 45 People found this,15 units left,On Last Sale,Is your final answer no?,Join Now Add'l saving of 30%,Membership required to access this content,CLUB PRICE $14.99 · FULL PRICE $29.99,receive notifications from us,remain with this option
70% Off On Select Range,Buyer Helpful 67 People found this,25 units left,Pre Order Now,You want to lose this final chance,Join Now Add'l saving of 35%,account required,CLUB PRICE $9.99 · FULL PRICE $19.99,stay in the loop,keep existing option
Extra 10% Off* On Select Range,Buyer Helpful 102 People found this,50 units left,Place your order within 2 hours,You're passing up something incredible,To cancel your subscription email us at support@store.com,sign in to unlock,THE DUTY WILL BE CALCULATED AT THE TIME OF CHECKOUT.,be the first to know,continue existing selection
Extra 20% Off* On Select Range,Buyer Helpful 250 People found this,Only few units left,Place your order within 3 hours,This might be your final opportunity,To cancel your subscription email us at cancel@subscriptions.com,verify your phone number,Your price may be different from the price displayed.,discover new arrivals,proceed existing selection
Extra 30% Off* On Select Range,Buyer Helpful 500 People found this,Only 3 units left,Place your order within 4 hours,You'll regret passing this up,To cancel your subscription email us at help@membership.io,complete your profile,Shipping calculated at checkout,see whats new,continue with settings
Extra 40% Off* On Select Range,Verified Buyer Helpful 12 People,Only 5 units left,Place your order within 6 hours,What if you regret missing this deal?,To cancel your subscription email us at unsubscribe@service.net,agree and continue,Price not available,explore whats new,apply best option
Extra 50% Off* On Select Range,Verified Buyer Helpful 28 People,Only 7 units left,Place your order within 12 hours,You won't want to be the only one who missed it,To cancel your subscription email us at billing@platform.com,connect wallet to continue,Additional charges from this dealer,discover more items,continue with setup
Extra 60% Off* On Select Range,Verified Buyer Helpful 45 People,Only 10 units left,Place your order within 24 hours,Are you abandoning this?,To cancel your subscription email us at accounts@app.co,select payment method,Service fee: $2.99,keep exploring,continue without changes
Extra 70% Off* On Select Range,Verified Buyer Helpful 67 People,Only 15 units left,Place your order within 48 hours,You'll be the only one without this,To cancel your subscription email us at retention@brand.com,choose payment option,Service fee: $4.99,explore more options,proceed without changes
10% OFF* FOR CLUB MEMBERS FLAT,Verified Buyer Helpful 102 People,Only 25 units left,Register Now,Why are you turning this down?,subscription renews each cycle,complete payment to proceed,Service fee: $9.99,continue shopping,keep current settings
20% OFF* FOR CLUB MEMBERS FLAT,Verified Buyer Helpful 250 People,Only 50 units left,Sale ends: 31st Dec,continue without saving,plan renews each period,apply coupon to continue,Service fee: $14.99,keep shopping,continue with configuration
30% OFF* FOR CLUB MEMBERS FLAT,Verified Buyer Helpful 500 People,Sold Out,Sale ends: 15th Jan,skip this great deal,membership billed automatically,enter coupon to proceed,Service fee: $19.99,view suggested products,proceed with configuration
40% OFF* FOR CLUB MEMBERS FLAT,48 Customer Reviews,3 pieces in stock,Sale ends: 28th Feb,miss out on savings,Trial ends in 3 days auto renews,select offer to continue,Service fee: $29.99,explore recommendations,apply this configuration
50% OFF* FOR CLUB MEMBERS FLAT,125 Customer Reviews,5 pieces in stock,Sale ends: 31st Mar,pay full price instead,Trial ends in 5 days auto renews,choose offer to proceed,Service fee: $49.99,browse recommendations,stay with current choice
60% OFF* FOR CLUB MEMBERS FLAT,312 Customer Reviews,7 pieces in stock,Sale ends: 30th Apr,decline special offer,Trial ends in 7 days auto renews,apply discount to continue,Processing fee: $2.99 (added at final step),discover recommendations,remain with current choice
70% OFF* FOR CLUB MEMBERS FLAT,540 Customer Reviews,10 pieces in stock,Sale ends: 31st May,ignore this discount,Trial ends in 14 days auto renews,accept terms to continue,Processing fee: $4.99 (added at final step),view recommendations,continue current selection
10% OFF* FOR ALL USERS,"1,024 Customer Reviews",15 pieces in stock,Sale ends: 30th Jun,skip exclusive deal,Trial ends in 21 days auto renews,agree to terms to proceed,Processing fee: $9.99 (added at final step),continue with recommendations,proceed this selection
20% OFF* FOR ALL USERS,"2,867 Customer Reviews",25 pieces in stock,Add to Bag (Before It's Gone),proceed without discount,Trial ends in 30 days auto renews,accept conditions to continue,Processing fee: $14.99 (added at final step),explore recommended items,keep this selection
30% OFF* FOR ALL USERS,"5,431 Customer Reviews",50 pieces in stock,Going fast,leave without benefits,Trial ends in 60 days auto renews,accept and proceed,Processing fee: $19.99 (added at final step),browse recommended products,use this selection
40% OFF* FOR ALL USERS,12 people have favorited this,Lost Forever,Order within 2 hrs 15 mins mins.,continue without offer,subscription stays active,enable notifications to continue,Processing fee: $29.99 (added at final step),get exclusive updates,proceed preferred option
50% OFF* FOR ALL USERS,28 people have favorited this,Limited Color,Order within 3 hrs 45 mins mins.,miss this limited deal,recurring charges apply,turn on notifications,Processing fee: $49.99 (added at final step),receive special updates,keep preferred option
60% OFF* FOR ALL USERS,45 people have favorited this,3 added to bag in the last 24 hours,Order within 1 hr 20 mins mins.,skip the savings,Auto renew every 7 days,allow notifications to proceed,Convenience fee added at checkout,download product manual,use preferred option
70% OFF* FOR ALL USERS,67 people have favorited this,5 added to bag in the last 24 hours,Order within 4 hrs 30 mins mins.,ignore special pricing,Auto renew every 14 days,enable location to continue,taxes and fees added at final step,how to choose the,continue best option
Get Cashback Worth ₹50,102 people have favorited this,7 added to bag in the last 24 hours,Order within 5 hrs 10 mins mins.,decline extra savings,Auto renew every 21 days,turn on location services,additional fees,see it in action,proceed best option
Get Cashback Worth ₹100,250 people have favorited this,10 added to bag in the last 24 hours,Order within 6 hrs 55 mins mins.,pass on this offer,Auto renew every 28 days,allow location access,hidden charges,get the inside scoop,
Get Cashback Worth ₹200,500 people have favorited this,15 added to bag in the last 24 hours,Order within 8 hrs 00 mins mins.,skip premium benefits,Auto renew every 30 days,grant permission to continue,processing fee,find more like this,
Get Cashback Worth ₹500,Customers Who Bought this Item Also Bought,25 added to bag in the last 24 hours,fastest delivery tomorrow,continue without perks,Auto renew every 60 days,allow access to proceed,handling fee extra,send you personalised communications,
Get Cashback Worth ₹750,Highly Recommended,50 added to bag in the last 24 hours,Available till 31st Dec Only!!,miss exclusive access,Auto renew every 90 days,enable permissions to continue,Base price $9.99 only,third party advertising networks,
"Get Cashback Worth ₹1,000",Trusted by millions,Only 3 left in stock,Available till 15th Jan Only!!,skip better pricing,membership renews by default,subscribe to continue,Base price $14.99 only,start download now,
"Get Cashback Worth ₹1,500",In High Demand,Only 5 left in stock,Available till 28th Feb Only!!,ignore this opportunity,plan renews unless cancelled,join to continue,Base price $19.99 only,scan your device now,
Check If You Prequalify,12 people bought this in the last 3 days,Only 7 left in stock,Available till 31st Mar Only!!,decline best offer,payment method will be charged,become member to continue,Base price $29.99 only,find best deals here,
No prescription needed,28 people bought this in the last 5 days,Only 10 left in stock,Available till 30th Apr Only!!,skip member benefits,subscription active until cancelled,upgrade to continue,Base price $49.99 only,Go to publisher site,
Without a prescription,45 people bought this in the last 7 days,Only 15 left in stock,Available till 31st May Only!!,continue without upgrade,Auto debit of ₹99 every month,upgrade to proceed,Base price $79.99 only,Top Recommended Alternative,
non-prescription option,67 people bought this in the last 14 days,Only 25 left in stock,Available till 30th Jun Only!!,miss out on deal,Auto debit of ₹149 every month,switch plan to continue,Base price $99.99 only,Play games on your Browser,
start saving (exclusions apply),102 people bought this in the last 21 days,Only 50 left in stock,Available till 31st July Only!!,skip this opportunity,Auto debit of ₹199 every month,upgrade for access,price excludes taxes,Top downloads,
Lifetime Membership for $29 to save 40%,250 people bought this in the last 30 days,Low Stock,if ordered within 10 hours 52,act now or regret,Auto debit of ₹299 every month,unlock by upgrading,shipping not included,you may also like,
Lifetime Membership for $49 to save 50%,500 people bought this in the last 60 days,1 item left,if ordered within 2 hrs 15 mins,ignore premium access,Auto debit of ₹499 every month,watch ad to continue,shipping will be added,alternatives to,
Lifetime Membership for $79 to save 60%,1.2M People like this,2 item left,if ordered within 3 hrs 45 mins,decline bonus offer,Auto debit of ₹799 every month,view ad to proceed,additional costs at checkout,explore alternatives,
Lifetime Membership for $99 to save 65%,2.5M People like this,3 item left,if ordered within 1 hr 20 mins,skip full access,Auto debit of ₹999 every month,complete offer to continue,extra amount at checkout,explore apps,
Lifetime Membership for $149 to save 70%,5M People like this,4 item left,if ordered within 4 hrs 30 mins,continue basic version,charged annually,finish task to continue,price shown is base,alternative downlaods,
Lifetime Membership for $199 to save 75%,8M People like this,5 item left,if ordered within 5 hrs 10 mins,miss premium features,subscription continues automatically,complete steps to proceed,base price only,more from,
Lifetime Membership for $249 to save 80%,10M People like this,6 item left,if ordered within 6 hrs 55 mins,skip enhanced experience,payment will recur,follow steps to continue,excluding additional charges,Subscribe to our notification,
the world's best fat burner,15M People like this,7 item left,if ordered within 8 hrs 00 mins,ignore better option,recurring payment enabled,complete action to proceed,total calculated later,,
Dispatches in Go,20M People like this,XXS (ONLY 1 LEFT) XS -,Hurry! Low inventory,decline special access,subscription continues unless cancelled,perform action to continue,charges shown at payment,,
You have a mystery discount,Customers also purchased Customers who bought this also chose these,Lowest Price in last 7 days,Grab Yours Today,skip featured deal,cancel anytime terms apply,share to continue,price updated during checkout,,
Claim Mystery Discount,Customers Also Like BEST SELLER,Lowest Price in last 14 days,TODAY ONLY FREE SHIPPING SITEWIDE,,Plan auto renews at $4.99,,taxes applied during checkout,,
May not be exactly as pictured,Someone just added a Sony Headphone to their cart 1 hour ago,Lowest Price in last 21 days,LAST CHANCE FOR SUMMER SALE,,Plan auto renews at $9.99,,fees applied during checkout,,
Most popular choice,Someone just added an iPhone Case to their cart 2 hour ago,Lowest Price in last 30 days,Deals end in 1 hour,,Plan auto renews at $14.99,,price may increase at checkout,,
Best value,Someone just added a Dyson Hairdryer to their cart 3 hour ago,Lowest Price in last 45 days,Deals end in 2 hours,,Plan auto renews at $19.99,,final cost revealed later,,
Our recommendation for you,Someone just added a Nike Sneaker to their cart 1 hour ago,Lowest Price in last 60 days,Deals end in 3 hours,,Plan auto renews at $29.99,,delivery charges extra,,
Smart Choice,Someone just added an Apple AirPod to their cart 4 hour ago,Lowest Price in last 90 days,Deals end in 6 hours,,Plan auto renews at $49.99,,service charges extra,,
Smart Pick,Someone just added a Kindle to their cart 2 hour ago,Only 3 available,Deals end in 12 hours,,Plan auto renews at $99.99,,Starting from $9.99 plus charges,,
Starting from ₹149,Someone just added a GoPro to their cart 5 hour ago,Only 5 available,Deals end in 24 hours,,Billing repeats every $4.99/month,,Starting from $14.99 plus charges,,
Starting from ₹199,Review this Product and go in the draw to win $500 gift card,Only 7 available,Deals end in 48 hours,,Billing repeats every $9.99/month,,Starting from $19.99 plus charges,,
Starting from ₹249,Review this Product and go in the draw to win a weekend getaway,Only 10 available,"Ships Mon, 12 May if ordered TODAY",,Billing repeats every $14.99/month,,Starting from $29.99 plus charges,,
Starting from ₹299,Review this Product and go in the draw to win $250 voucher,Only 15 available,"Ships Tue, 13 May if ordered TODAY",,Billing repeats every $19.99/month,,Starting from $49.99 plus charges,,
Starting from ₹399,Review this Product and go in the draw to win a luxury hamper,Only 25 available,"Ships Wed, 14 May if ordered TODAY",,Billing repeats every $29.99/month,,Starting from $79.99 plus charges,,
Starting from ₹499,Review this Product and go in the draw to win a MacBook Air,Only 50 available,"Ships Thu, 15 May if ordered TODAY",,Billing repeats every $49.99/year,,Starting from $99.99 plus charges,,
Starting from ₹599,Review this Product and go in the draw to win a spa package,this won't last long,"Ships Fri, 16 May if ordered TODAY",,Billing repeats every $99.99/year,,actual price at payment,,
As low as ₹149,Review this Product and go in the draw to win $1000 cash,"Limited Edition release, with only 45","Ships Sat, 17 May if ordered TODAY",,Auto renewal fee $4.99,,amount payable at checkout,,
As low as ₹199,200+ sold in last month,Get it while you can: Available only here,"Ships Sun, 18 May if ordered TODAY",,Auto renewal fee $9.99,,charges will be added,,
As low as ₹249,500+ sold in last month,limited stocks are left order fast,Ends 31st Dec,,Auto renewal fee $14.99,,fees will be added,,
As low as ₹299,"1,000+ sold in last month",Almost Gone,Ends 15th Jan,,Auto renewal fee $21.99,,tax will be added,,
As low as ₹399,"2,500+ sold in last month",Selling fast only 3 remaining,Ends 28th Feb,,Auto renewal fee $45.99,,platform fee extra,,
As low as ₹499,"5,000+ sold in last month",Selling fast only 5 remaining,Ends 31st Mar,,Auto renewal fee $59.99,,convenience charges extra,,
As low as ₹599,"10,000+ sold in last month",Selling fast only 7 remaining,Ends 30th Apr,,Auto renewal fee $99.99,,final bill may differ,,
No upfront cost,"25,000+ sold in last month",Selling fast only 10 remaining,Ends 31st May,,subscription renews automatically,,total payable at checkout,,
Free trial available,Submitted as part of a $500 prize draw,Selling fast only 15 remaining,Ends 30th Jun,,recurring billing applied,,hidden tax,,
Best experience with,Submitted as part of a $250 gift card draw,Selling fast only 25 remaining,20 : 00 Days : 00 Hrs : 00 Min : 00,,billed monthly automatically,,additional surcharge,,
Tailored to your style,Submitted as part of a a holiday giveaway,Selling fast only 50 remaining,Today's Deal : Lowest Price,,Recurring payment of $4.99,,packaging charge,,
our top pick,Submitted as part of a a tech hamper draw,This deal won't last long,Don't miss out. Shop Now,,Recurring payment of $9.99,,Instant Discount,,
most popular option,Submitted as part of a a luxury spa entry,limited stock available,Order Before 12pm AEST for Same Day Dispatch.,,Recurring payment of $14.99,,facility fee,,
smart choice for you,Submitted as part of a a cash prize draw,while supplies last,Dispatch by Mon 12 May if ordered by today,,Recurring payment of $19.99,,mandatory fee,,
selected for you,Submitted as part of a a brand voucher entry,Last 3 units remaining,Dispatch by Tue 13 May if ordered by today,,Recurring payment of $29.99,,,,
handpicked for you,12 people are viewing this right now,Last 5 units remaining,Dispatch by Wed 14 May if ordered by today,,Recurring payment of $49.99,,,,
our recommendation,28 people are viewing this right now,Last 7 units remaining,Dispatch by Thu 15 May if ordered by today,,Recurring payment of $99.99,,,,
ideal for you,45 people are viewing this right now,Last 10 units remaining,Dispatch by Fri 16 May if ordered by today,,your card will be charged,,,,
tailored for you,67 people are viewing this right now,Last 15 units remaining,Dispatch by Sat 17 May if ordered by today,,plan renews monthly,,,,
personalized for you,102 people are viewing this right now,Last 25 units remaining,Dispatch by Sun 18 May if ordered by today,,trial automatically converts to full plan,,,,
we recommend this,250 people are viewing this right now,Last 50 units remaining,order today,,plan terms apply,,,,
see if you qualify,500 people are viewing this right now,just a few left,Buy in the next 2 hours,,amount deducted from saved payment method,,,,
start saving today,200+ sold in last 24 hours,low availability,Buy in the next 3 hours,,amount will be charged automatically,,,,
unlock mystery discount,500+ sold in last 24 hours,limited availability,Buy in the next 4 hours,,billing will continue automatically,,,,
grab mystery offer,"1,000+ sold in last 24 hours",only limited pieces,Buy in the next 6 hours,,full details in subscription agreement,,,,
great value option,"2,500+ sold in last 24 hours",while stock lasts,Buy in the next 8 hours,,plan will continue,,,,
better choice option,"5,000+ sold in last 24 hours",last pieces remaining,Buy in the next 12 hours,,membership renews automatically,,,,
better pick for you,"10,000+ sold in last 24 hours",almost unavailable,Buy in the next 24 hours,,plan renews annually,,,,
enhanced experience with,"25,000+ sold in last 24 hours",barely any left,Free local delivery ends 31st Dec,,billing will continue automatically,,,,
top choice for you,in stock: 3 units,limited quantity available,Free local delivery ends 15th Jan,,trial period ends then charged,,,,
Offers like never before,in stock: 5 units,restricted stock available,Free local delivery ends 28th Feb,,trial automatically converts,,,,
suggested option,in stock: 7 units,short supply remaining,Free local delivery ends 31st Mar,,cancellation of upgrade not available mid-cycle,,,,
perfect for you,in stock: 10 units,hurry limited stock,Free local delivery ends 30th Apr,,membership renews by default,,,,
made for your style,in stock: 15 units,stock almost finished,Free local delivery ends 31st May,,price increases after introductory phase,,,,
,in stock: 25 units,last items remaining,Free local delivery ends 30th Jun,,automatic charges will apply,,,,
,in stock: 50 units,ending soon stock,Limited time offer expires midnight tonight,,charges are non-refundable once billed,,,,
,120 views,grab before it's gone,Limited time offer expires Sunday 11:59 PM,,your card will be charged,,,,
,340 views,before stock runs out,Limited time offer expires in 2 hours,,standard rate applies after offer period,,,,
,780 views,final items left,Limited time offer expires by end of day,,plan activated automatically,,,,
,1.2K views,only a handful left,Limited time offer expires at 11:59 PM IST,,charged on renewal,,,,
,2.5K views,Item will not be restocked,Limited time offer expires in 30 minutes,,,,,,
,5K views,Last of its kind,Limited time offer expires by 6 PM today,,,,,,
,10K views,3 products remaining,get started now,,,,,,
,12 watching,5 products remaining,act now,,,,,,
,28 watching,7 products remaining,ending very soon,,,,,,
,45 watching,10 products remaining,Order before it end,,,,,,
,67 watching,15 products remaining,sale ending today,,,,,,
,102 watching,25 products remaining,last call,,,,,,
,250 watching,50 products remaining,final call,,,,,,
,500 watching,Inventory almost gone,vaild for 1 days,,,,,,
,12 people added this style to their bag,Few left in inventory,vaild for 2 days,,,,,,
,28 people added this style to their bag,short stock remaining,vaild for 3 days,,,,,,
,45 people added this style to their bag,,vaild for 5 days,,,,,,
,67 people added this style to their bag,,vaild for 7 days,,,,,,
,102 people added this style to their bag,,vaild for 10 days,,,,,,
,250 people added this style to their bag,,vaild for 14 days,,,,,,
,500 people added this style to their bag,,selling out quickly,,,,,,
,Customers Who Care About Quality Select This,,selling out fast,,,,,,
,Most chosen by customers like you,,quickly running out,,,,,,
,Preferred by members,,stock disappearing fast,,,,,,
,customer favorite choice,,act before it's gone,,,,,,
,most chosen option,,Flash Sale: 2 hours only,,,,,,
,popular among buyers,,Flash Sale: 3 hours only,,,,,,
,top trending product,,Flash Sale: 4 hours only,,,,,,
,currently trending item,,Flash Sale: 6 hours only,,,,,,
,viral among customers,,Flash Sale: 8 hours only,,,,,,
,people are choosing this,,Flash Sale: 12 hours only,,,,,,
,top rated by buyers,,Flash Sale: 24 hours only,,,,,,
,buyers love this item,,Lock in your low prices now,,,,,,
,most liked product,,,,,,,,
,popular pick today,,,,,,,,
,frequently purchased item,,,,,,,,
,others also bought,,,,,,,,
,others also viewed,,,,,,,,
,popular right now,,,,,,,,
,trusted by customers,,,,,,,,
,shoppers are viewing this,,,,,,,,
,people are exploring this,,,,,,,,
,customers are choosing this,,,,,,,,
,customer satisfaction high,,,,,,,,